Gene ID,Gene Name,Cluster 1 Mean UMI Counts,Non Cluster 1 Mean UMI Counts,Cluster 1 Log2 fold change,Cluster 1 Adjusted p value,Cluster 2 Mean UMI Counts,Non Cluster 2 Mean UMI Counts,Cluster 2 Log2 fold change,Cluster 2 Adjusted p value,Cluster 3 Mean UMI Counts,Non Cluster 3 Mean UMI Counts,Cluster 3 Log2 fold change,Cluster 3 Adjusted p value,Cluster 4 Mean UMI Counts,Non Cluster 4 Mean UMI Counts,Cluster 4 Log2 fold change,Cluster 4 Adjusted p value,Cluster 5 Mean UMI Counts,Non Cluster 5 Mean UMI Counts,Cluster 5 Log2 fold change,Cluster 5 Adjusted p value,Cluster 6 Mean UMI Counts,Non Cluster 6 Mean UMI Counts,Cluster 6 Log2 fold change,Cluster 6 Adjusted p value,Cluster 7 Mean UMI Counts,Non Cluster 7 Mean UMI Counts,Cluster 7 Log2 fold change,Cluster 7 Adjusted p value,Cluster 8 Mean UMI Counts,Non Cluster 8 Mean UMI Counts,Cluster 8 Log2 fold change,Cluster 8 Adjusted p value,Cluster 9 Mean UMI Counts,Non Cluster 9 Mean UMI Counts,Cluster 9 Log2 fold change,Cluster 9 Adjusted p value,Cluster 10 Mean UMI Counts,Non Cluster 10 Mean UMI Counts,Cluster 10 Log2 fold change,Cluster 10 Adjusted p value
ENSG00000279928,FO538757.3,0,3.3715441672285906e-4,0.2798880439763618,1,0,3.35795836131632e-4,0.8102587260233616,1,0,3.273322422258593e-4,0.851283482175079,1,0.002965099647354654,0,4.330732623891245,1,0,2.9726516052318666e-4,2.4096177254273563,1,0,2.818489289740699e-4,3.9867970636096652,1,0,2.808199943836001e-4,3.237591785085711,1,0,2.7100271002710027e-4,5.220289131525059,1,0,2.6574541589157585e-4,10.306653700540155,1,0,2.6567481402763017e-4,9.696235456064622,1
ENSG00000279457,FO538757.2,0.4181960334287224,0.41807147673634526,-0.1613490010959251,1,0.4619185756927424,0.4408999328408328,0.03547166642218724,1,0.4648999687063322,0.43175122749590833,0.0472036921503356,1,0.4477300467505528,0.4834167709637046,-0.015664466590016968,1,0.38652655892271354,0.46730083234244946,-0.24390094532624396,1,0.44095510656648135,0.46392333709131905,-0.02640243414519361,1,0.539086707360802,0.4479078910418422,0.26977219083486115,1,1.0717509553906355,0.44552845528455287,1.264337717465654,0.37434016409307747,2.0985973174976964,0.4504384799362211,1.578733245976955,0.4266508838438785,0.7976262282323182,0.45031880977683314,0.9683150015014237,0.37630360888100417
ENSG00000187634,SAMD11,0.8510656118900315,0.8405259608900877,-0.1448229194706552,1,0.833383122202833,0.9167226326393553,-0.170326645105201,1,1.2220580079256638,0.795417348608838,0.5581456145332251,0.7152806571206957,1.011098979747937,0.9637046307884856,0.15940217173779136,1,0.7761702675141586,0.9429250891795482,-0.25622979582819483,1,0.8554529067389738,0.9368658399098083,-0.09763171755104061,1,0.3149120369731418,0.9441168211176636,-1.571050682832353,1,1.3190780989423205,0.9097560975609756,0.5292704296164829,0.5127516409714027,2.0985973174976964,0.9088493223491895,0.5664513117722545,0.4266508838438785,0,0.9088735387885228,-1.0443885884247903,1
ENSG00000188976,NOC2L,2.1294982228541524,2.0202292650033717,-0.08740117578526041,1,2.3216534156880657,2.145399597044997,0.08005049803246322,1,2.3491629718449945,2.097872340425532,0.10150724457891758,1,2.2594059312842463,2.362953692115144,0.023437799180154206,1,1.9076955972637153,2.2895362663495837,-0.24184372085903838,1,1.9049260603671994,2.282412626832018,-0.23517977511094923,1,2.1670218137473825,2.2207245155855095,-0.04280280972463646,1,3.4007482238356705,2.20840108401084,0.6027442188661809,0.4883366753911149,0,2.2094073877225617,-1.7148468476344774,1,0.7976262282323182,2.2085547290116896,-1.3250915765597495,0.41747462045492645
ENSG00000187961,KLHL17,0.14856964345494084,0.10822656776803777,0.29769932009282263,1,0.1230174796884066,0.1279382135661518,-0.08066957482916948,1,0.10358513891599974,0.13060556464811784,-0.38318177146194454,1,0.15122008201508735,0.13516896120150187,0.27294912730561194,1,0.11533453774306776,0.13258026159334127,-0.14658578231237662,1,0.11464832770728516,0.13246899661781286,-0.0854312639455137,1,0.10141235088965582,0.13030047739399045,-0.3015670260223202,1,0.2885483341436326,0.12710027100271,1.2506627805685773,0.4146376324343564,0,0.12835503587563116,2.3877904632655595,1,0.7976262282323182,0.12805526036131776,2.78035607722885,0.37630360888100417
ENSG00000187583,PLEKHN1,0.0293470900651735,0.055967633175994604,-1.0594221291392363,0.1668184657207507,0.0699511159012508,0.04701141705842848,0.5533504229864086,1,0.055492038704999865,0.05008183306055646,0.10805889753719011,1,0.05337179365238377,0.056320400500625784,0.07881425025162514,1,0.04364009536224185,0.054696789536266346,-0.21487313948043774,1,0.06173371491930739,0.05383314543404735,0.40183456288850916,1,0.10141235088965582,0.05026677899466442,1.0676667836433995,1,0.1030529764798688,0.05230352303523035,1.2053387900590873,0.47379335988405197,0,0.05261759234653202,3.6700290799965054,1,0,0.052603613177470775,3.059610835520974,1
ENSG00000187642,PERM1,0.03301547632332019,0.026972353337828724,0.14949140672068673,1,0.0349755579506254,0.02921423774345198,0.2577177029945821,1,0.019730502650666618,0.03273322422258593,-0.7194651593263766,1,0.04447649471031981,0.03160200250312891,0.6583072819197486,1,0.04364009536224185,0.03032104637336504,0.6300077938526565,1,0.017638204262659253,0.032130777903043965,-0.2737304866135535,1,0.016012476456261446,0.03173265936534681,-0.5952982290790301,1,0.02061059529597376,0.03116531165311653,0.3623081363974858,0.8532497008383318,0,0.030826468243422802,4.43628898095675,1,0,0.030818278427205102,3.825870736481219,1
ENSG00000188290,HES4,8.03284880877671,5.1453135536075525,0.4789467872137534,0.7529351082310772,5.0979890847342615,6.6464069845533915,-0.416757175880043,1,5.937648141434986,6.286415711947627,-0.14436630333195666,1,4.877588919898406,7.000938673341677,-0.43418329416332124,1,8.101471989033326,6.367717003567182,0.36710807457461403,1,5.591310751262983,6.591319052987599,-0.21600934412338102,1,3.8163068887423113,6.544509969109801,-0.7870062337060015,1,12.8816220599836,6.340108401084011,0.9963337047170198,0.4185804205786394,0,6.383204889715652,-3.2453548910441246,1,0.7976262282323182,6.381243358129649,-2.8557130745283734,0.48760309353144643
ENSG00000187608,ISG15,4.304851273935138,3.5192178017532028,0.12710159085909223,1,3.340768811145944,4.151108126259234,-0.34729152749687797,1,3.6945366213373245,3.9725040916530276,-0.16653739197148987,1,3.291260608563666,4.387359198998748,-0.32713167851970426,1,3.827859793202357,4.133174791914388,-0.09042919843403174,1,3.2013340736726548,4.162626832018038,-0.3557905018437899,1,1.4197729124551817,4.174670036506599,-1.5615382192604157,1,35.058622598451365,3.6398373983739836,3.239917938273991,0.09729002347511283,4.197194634995393,4.020728142439543,-0.9936035159661438,0.4266508838438785,1.5952524564646364,4.019659936238044,-1.6040217604416749,0.37630360888100417
ENSG00000188157,AGRN,1.1197749052992765,1.0509103169251517,-0.07148859890269316,1,1.1674600033174274,1.1316319677635998,0.011650669454231821,1,0.9741935683766643,1.1613747954173486,-0.31437949241307406,1,1.3639458377831408,1.2133917396745932,0.25788650378917227,1,1.3341400582171081,1.16230677764566,0.22112974219395623,1,1.5698001793766736,1.1724915445321307,0.44789826782916314,1,1.008786016744471,1.165122156697557,-0.2114482277049902,1,2.08167012489335,1.148238482384824,0.8435466011243842,0.44703075469157044,0,1.152803614137656,-0.7764931702765883,1,2.3928786846969547,1.1517003188097767,0.6140864147107512,0.37630360888100417
ENSG00000237330,RNF223,0.05777708356581033,0.044504383007417395,0.22460560847517197,1,0.027739235616013252,0.0577568838146407,-1.0394070008922078,0.6543421421686584,0.04562678737966656,0.05171849427168576,-0.21367195966569152,1,0.02372079717883723,0.05851063829787234,-1.0539312263440799,1,0.040522945693510296,0.054102259215219974,-0.2987271907990827,1,0.06173371491930739,0.05298759864712514,0.4245546393885924,1,0.16012476456261446,0.04633529907329402,1.8167486641256616,0.14822544116130157,0.2885483341436326,0.04905149051490515,2.619385086934881,0.17204306216323711,0,0.051820356098857295,3.691943856424946,1,0,0.05180658873538788,3.0815256119494143,1
ENSG00000131591,C1orf159,0.28613412813544165,0.17835468644639244,0.5200583414584186,0.7136526195626324,0.2110594014261878,0.22364002686366688,-0.11185260652392692,1,0.1800408366873329,0.22749590834697217,-0.3919876688372854,1,0.19273147707805252,0.2428035043804756,-0.22664404515801184,1,0.22755192581740394,0.22829964328180738,0.03223130309447919,1,0.1940202468892518,0.23083427282976324,-0.16912107983876767,1,0.1974872096272245,0.22577927548441448,-0.16732567447268254,1,0.2061059529597376,0.2252032520325203,-0.02071896797873629,0.7408244764606855,0,0.22349189476481532,1.588977277473758,1,0.7976262282323182,0.22316684378320936,1.9802734658094785,0.37630360888100417
ENSG00000186891,TNFRSF18,0.0036683862581466877,0.0013486176668914363,1.2798880439763618,1,0,0.002686366689053056,-1.3596662754189506,1,0.0024663128313333273,0.0019639934533551553,0.6288910608386313,1,0.002965099647354654,0.002190237797246558,1.3307326238912447,1,0,0.0023781212841854932,0.23969272398504415,1,0,0.002254791431792559,1.816872062167353,1,0,0.002246559955068801,1.067666783643399,1,0.02061059529597376,0.001897018970189702,4.220289131525059,0.4143644522966978,0,0.002125963327132607,8.13672869909784,1,0,0.0021253985122210413,7.52631045462231,1
ENSG00000186827,TNFRSF4,0.00458548282268336,0.0010114632501685772,1.8648505446975179,0.757917162525735,0,0.002686366689053056,-1.3596662754189506,1,0.0024663128313333273,0.0019639934533551553,0.6288910608386313,1,0,0.0025031289111389237,0.16080762244893343,1,0.003117149668731561,0.002080856123662307,1.4096177254273563,1,0,0.002254791431792559,1.816872062167353,1,0,0.002246559955068801,1.067666783643399,1,0,0.002168021680216802,3.0503641300827464,1,0,0.002125963327132607,8.13672869909784,1,0,0.0021253985122210413,7.52631045462231,1
ENSG00000078808,SDF4,4.0058777938961825,3.392447741065408,0.07620258671474645,1,4.060782883439853,3.7149093351242444,0.094349707939263,1,3.5712209797706578,3.7754500818330605,-0.14210293212486302,1,3.602596071535905,4.13485607008761,-0.11133783408461495,1,3.9868344263076665,3.909334126040428,0.04855123663303518,1,3.6775655887644545,3.9495490417136416,-0.080424985203049415,1,3.1437828775793304,3.8868295422634094,-0.31460186006922397,1,6.14195739820018,3.829810298102981,0.657510688334086,0.47659408485302956,0,3.83470635131544,-2.5102299542406077,1,0.7976262282323182,3.833421891604676,-2.120548223313938,0.45519882394450406
ENSG00000176022,B3GALT6,0.626376953578547,0.5532703978422118,0.016502147084454966,1,0.6452387415029169,0.6007387508394896,0.07060404432951439,1,0.6474071182249984,0.5888707037643208,0.07642128025034378,1,0.5870897301762215,0.6652065081351689,-0.08724707352577876,1,0.4706895999784657,0.6459571938168847,-0.4285909861563677,1,0.661432659849722,0.6338782412626832,0.09901529094885153,1,0.6725240111629808,0.6172423476551531,0.12364458300290915,1,0.6389284541751865,0.6214092140921409,0.05663945550923377,0.6796735277575306,0,0.6175923465320223,0.12363869965739804,1,0,0.6174282678002125,-0.48677954481813324,1
ENSG00000184163,FAM132A,0.03393257288785686,0.04315576534052596,-0.48341169800330697,1,0.05065425634228507,0.041302887844190735,0.2823271703385837,1,0.04316047454833323,0.0425531914893617,-0.01221451792005901,1,0.04151139506296516,0.04724655819774718,-0.010304293943822707,1,0.021820047681120926,0.0469678953626635,-0.9032652298569994,1,0.044095510656648136,0.04509582863585118,0.24084268621620541,1,0.06938739797713293,0.04268463914630722,0.7875588644506637,1,0.2473271435516851,0.041463414634146344,2.6539423089712493,0.13302182643179317,0,0.04384799362211002,3.9316142691932296,1,0,0.04383634431455898,3.321196024717698,1
ENSG00000160087,UBE2J2,2.280819156002703,1.9581928523263654,0.05658469958638768,1,2.134715088710585,2.1910678307588984,-0.07137604931658914,1,2.3960229156403274,2.079214402618658,0.14287368198007133,1,1.9777214647855543,2.3867334167709635,-0.18284133104596556,1,1.9295156449448363,2.281807372175981,-0.2205848020590092,1,1.6050765879019921,2.2866403607666292,-0.4837006853125647,1,1.6652975514511903,2.24178601516428,-0.4352853733189308,1,6.286231565271997,2.165311653116531,1.5135166351173739,0.307644910627003,0,2.2043582248206217,-1.7115464782730716,1,7.976262282323183,2.201115834218916,1.1392069697227132,0.37630360888100417
ENSG00000162572,SCNN1D,0.030264186629710175,0.02528658125421443,0.11942337178311568,1,0.03376950422819005,0.026863666890530557,0.32838971826630736,1,0.02096365906633328,0.029787234042553193,-0.5023534724396219,1,0.02372079717883723,0.03128911138923655,-0.1575538574182369,1,0.03117149668731561,0.029131985731272295,0.23969272398504327,1,0.02645730639398888,0.02959413754227734,0.2588766090464665,1,0.021349968608348594,0.029205279415894413,-0.15472563769304948,1,0.1030529764798688,0.02791327913279133,2.1048119141051225,0.3634546685895157,0,0.028700504916290195,4.538469375763228,1,0,0.028692879914984058,3.9280511312876967,1
ENSG00000131584,ACAP3,0.40352248839613564,0.34254888739042483,0.07441892567638231,1,0.3666403316203491,0.38683680322364,-0.10825263917816264,1,0.38474480168799907,0.37446808510638296,-0.01982955387660934,1,0.3676723562719771,0.4167709637046308,-0.08394415653564113,1,0.4270495046162239,0.3920927467300832,0.1518199679597092,1,0.4144978001724925,0.3971251409244645,0.11028011704466589,1,0.27754959190853173,0.3942712721145746,-0.4908421754593777,1,0.8038132165429767,0.3840108401084011,1.0725754091729047,0.4173214016761107,0,0.38692532553813447,0.7978685384756418,1,0.7976262282323182,0.38655685441020193,1.1884408158659268,0.37630360888100417
ENSG00000169972,PUSL1,1.2582564865443138,1.1726230613621038,-0.06145300949642746,1,1.1481631437584616,1.3089321692411013,-0.22229730946433313,1,1.5278807990109964,1.1819967266775777,0.30882570996845804,1,1.1801096596471523,1.392991239048811,-0.14958433632931276,1,1.2593284661675506,1.3216409036860879,-0.04722086615216514,1,1.1288450728101922,1.330890642615558,-0.20746350111764575,1,1.21694821067587,1.2979500140409996,-0.0978180740532863,1,2.6175456025886676,1.2799457994579946,1.0144958821279015,0.4185804205786394,2.0985973174976964,1.2885995216582513,0.06288466857830183,0.4266508838438785,0.7976262282323182,1.2882571732199788,-0.5475335758972295,0.39224135677491595
ENSG00000127054,CPSF3L,1.4746912757749684,1.184423465947404,0.15293817869143206,1,1.337513578180813,1.3472128945601074,-0.0438627535191663,1,1.4205961908479965,1.2991816693944354,0.06753698779653045,1,1.1356331649368325,1.4824780976220275,-0.29467182102019984,1,1.3590772555669606,1.3926872770511296,-0.01303404393518115,1,0.8730911110016331,1.4154453213077791,-0.6636803062874392,1,1.36639799093431,1.3661892726762146,-0.005304270658839538,1,1.5870158377899795,1.3669376693766937,0.20505279639358714,0.6108026357154103,0,1.36088227478076,-1.0158378370573142,1,0.7976262282323182,1.3602550478214666,-0.6259743876842714,0.3937620825947216
ENSG00000224051,CPTP,0.5053202070597063,0.4672960215778827,-0.04933957156907176,1,0.5475483899856529,0.4979852249832102,0.10470608448861596,1,0.5302572587366654,0.49328968903436987,0.04440682799551254,1,0.4981367407555819,0.5535043804755945,-0.05792158479693066,1,0.4644553006410026,0.5315101070154578,-0.1665012561286715,1,0.4321360044351517,0.532130777903044,-0.25275373300397963,1,0.5070617544482792,0.5172704296545914,-0.025286069823845403,1,0.8244238118389504,0.5140921409214092,0.6875768591220328,0.48321826301343085,0,0.5147488705819825,0.3863008451250731,1,0.7976262282323182,0.5143464399574921,0.7766272174613691,0.37630360888100417
ENSG00000169962,TAS1R3,0.016507738161660096,0.009103169251517195,0.7204606353623433,1,0.015678698391659664,0.010745466756212223,0.5732195287225119,1,0.007398938493999982,0.01276595744680851,-0.6632896906546799,1,0.011860398589418616,0.012828535669586983,0.2603432959998466,1,0.006234299337463122,0.012782401902497027,-0.46485139248878493,1,0,0.012683201803833146,-0.5367648924473478,1,0.010674984304174297,0.012075259758494805,0.36312266716957,1,0,0.012195121951219513,0.6967271754680455,1,0,0.011958543715120914,5.783091744483142,1,0,0.011955366631243358,5.17267350000761,1
ENSG00000107404,DVL1,0.5025689173660962,0.5468644639244774,-0.2838969015664107,1,0.581317894213843,0.5668233713901948,0.004184492057747957,1,0.6091792693393319,0.54860883797054,0.09090122357770436,1,0.5722642319394482,0.6185857321652065,-0.019181244680738452,1,0.5236811443469023,0.5951248513674198,-0.1574495441031677,1,0.7760809875570072,0.5868094701240135,0.4380833705354164,1,0.8219737914214209,0.5661331086773378,0.5357208217469875,1,0.8656450024308979,0.5766937669376694,0.5905936517748627,0.5019727281777542,0,0.5766675524847197,0.22250968992500975,1,0.7976262282323182,0.5762486716259299,0.6127561287327812,0.37630360888100417
ENSG00000162576,MXRA8,0.0036683862581466877,0.0020229265003371545,0.7944612168061198,1,0,0.0033579583613163196,-1.6491728926139366,1,0.0024663128313333273,0.002618657937806874,0.2663209814539229,1,0,0.0031289111389236545,-0.12869899474605262,1,0.009351449006194683,0.002080856123662307,2.4096177254273563,1,0,0.002818489289740699,1.527365444972367,1,0,0.002808199943836001,0.7781601664484148,1,0.02061059529597376,0.0024390243902439024,3.898361036637695,0.42658340105483156,0,0.0026574541589157587,7.847222081902857,1,0,0.002656748140276302,7.236803837427326,1
ENSG00000175756,AURKAIP1,12.542212616603525,9.847269049224545,0.18527628512739858,1,11.399619784459011,11.225990597716589,-0.012126777560352853,1,10.473197438256975,11.2569558101473,-0.16623157028614166,1,10.653603032945272,12.293491864831038,-0.11980394861835775,1,12.608870410019165,11.545184304399525,0.14667989472577503,1,11.023877664162034,11.734216459977452,-0.06981141430301774,1,9.111099103612762,11.563044088739119,-0.3538670593548723,1,13.37627634708697,11.445528455284553,0.19843360886390515,0.6021044381463518,10.492986587488481,11.39463194259899,-1.4963674387511845,0.4266508838438785,10.369140967020137,11.389479277364506,-0.8841240709780664,0.37630360888100417
ENSG00000221978,CCNL2,1.7406492794906032,1.6999325691166554,-0.129154275831464,1,1.8645590548850646,1.8112827400940228,0.008108963097017141,1,1.887962472385662,1.7705400981996726,0.03107118538585807,1,1.8502221799493042,1.9762202753441802,-0.006578853439712651,1,1.6146835284029486,1.9090368608799049,-0.21982312732142895,1,1.9666597752865067,1.8931792559188274,0.08033590543277103,1,2.220396735268254,1.8320696433586072,0.26973317218576587,1,3.7511283438672245,1.8314363143631436,1.013394870852517,0.41743237392662214,0,1.8442731862875366,-1.4542741130796921,1,1.5952524564646364,1.8432518597236982,-0.47931409457156765,0.3763621823934288
ENSG00000242485,MRPL20,6.964431311091486,6.083614295347269,0.03141077058121278,1,7.068680867193637,6.641034251175285,0.05582705456115766,1,6.83045338637765,6.579050736497545,-0.007954137842023812,1,6.63885811042707,7.321339173967459,-0.05420526852191765,1,6.98864955729616,6.954815695600476,0.026795693915658614,1,5.820607406677554,7.040022547914318,-0.25312457621708706,1,5.513629393106025,6.909575961808481,-0.33511027364772605,1,9.666369193811693,6.8208672086720865,0.47738848204171624,0.5182135447801004,0,6.813180972628222,-3.3393986725113742,1,0.7976262282323182,6.811105207226355,-2.9497606463376447,0.4992115623932606
ENSG00000235098,ANKRD65,0,3.3715441672285906e-4,0.2798880439763618,1,0,3.35795836131632e-4,0.8102587260233616,1,0,3.273322422258593e-4,0.851283482175079,1,0,3.1289111389236547e-4,2.3307326238912456,1,0,2.9726516052318666e-4,2.4096177254273563,1,0,2.818489289740699e-4,3.9867970636096652,1,0,2.808199943836001e-4,3.237591785085711,1,0.02061059529597376,0,7.220289131525059,0.2545046431855437,0,2.6574541589157585e-4,10.306653700540155,1,0,2.6567481402763017e-4,9.696235456064622,1
ENSG00000179403,VWA1,9.170965645366719e-4,6.743088334457181e-4,0.6949255432552057,1,0,0.0010073875083948958,-0.18974127397663842,1,0.0012331564156666636,6.546644844517185e-4,1.266320981453923,1,0,9.386733416770963e-4,1.3307326238912456,1,0.003117149668731561,5.945303210463733e-4,2.8246552247062002,1,0,8.455467869222097e-4,2.9867970636096652,1,0,8.424599831508003e-4,2.237591785085711,1,0,8.130081300813008e-4,4.220289131525059,1,0,7.972362476747276e-4,9.306653700540155,1,0,7.970244420828905e-4,8.696235456064622,1
ENSG00000215915,ATAD3C,0.06694804921117704,0.049224544841537425,0.2896690647689475,1,0.04824214889741435,0.06010745466756212,-0.3240423656882303,1,0.0406941617169999,0.06088379705400982,-0.6081481364622188,1,0.0711623915365117,0.06101376720901126,0.3598789695507616,1,0.06546014304336278,0.058858501783590964,0.23242472352100396,1,0.11464832770728516,0.0580608793686584,1.1006650281679442,1,0.048037429368784336,0.05897219882055602,-0.16157930873411175,1,0.12366357177584256,0.05772357723577236,1.2861770671815158,0.45130451599562976,0,0.05819824608025512,3.5252939870154942,1,0,0.05818278427205101,2.9148757425399636,1
ENSG00000160072,ATAD3B,0.3356573426204219,0.35805799055967635,-0.25440158471152996,1,0.3750827076773966,0.3750839489590329,-0.03104352795758114,1,0.3933768965976657,0.3630114566284779,0.056867615824972795,1,0.3409864594457852,0.41082603254067585,-0.17103594130351274,1,0.29301206886076675,0.39655172413793105,-0.4031506928166124,1,0.44095510656648135,0.3883878241262683,0.22981566406718068,1,0.5284117230566278,0.37320977253580456,0.5042374444718841,1,1.5045734566060844,0.36720867208672087,2.0246010340176643,0.18605329160368686,0,0.37948445389317037,0.8258634994443378,1,0.7976262282323182,0.3791179596174283,1.2164551920355233,0.37630360888100417
ENSG00000197785,ATAD3A,0.9381897855210154,0.7636547538772758,0.13395589815584624,1,0.7549896302445346,0.8938885157824042,-0.2762563543852147,1,1.0210535121719975,0.8052373158756138,0.2814828312126692,1,0.7442400114860181,0.950250312891114,-0.26089360711092213,1,0.7979903151952796,0.901307966706302,-0.15128750800293697,1,0.6702517619810516,0.9052987598647125,-0.39612166116684533,1,0.7472489012922008,0.8840213423195732,-0.24353490465090483,1,1.8137323860456909,0.8672086720867209,1.051715600945875,0.4143644522966978,0,0.8737709274515014,-0.376779592295248,1,0,0.873538788522848,-0.9871978367707794,1
ENSG00000205090,TMEM240,0.021093220984343453,0.016520566419420093,0.2209943549227944,1,0.03015134306088397,0.0157824042981867,0.9257359434432972,0.9709547168599398,0.006165782078333318,0.021931260229132568,-1.651216858354105,0.27617497307353595,0.02075569753148258,0.020337922403003753,0.2863385045327913,1,0.03117149668731561,0.018430439952437573,0.8917694205647368,1,0.017638204262659253,0.019729425028184894,0.42201244482614,1,0,0.020219039595619208,-1.9522327737943055,1,0,0.01951219512195122,0.030464572645040988,1,0,0.019133669944193462,5.116829141660137,1,0,0.019128586609989374,4.506410897184606,1
ENSG00000160075,SSU72,5.9437028347621705,4.939312204989886,0.10339983098088901,1,5.385029870673877,5.596373404969778,-0.08968056548210379,1,5.597296970710986,5.431096563011456,-0.018527063083725093,1,5.352004863475151,6.046933667083855,-0.0890152932735706,1,5.585932206366957,5.748810939357908,-0.0215226760684728,1,5.7412354874955875,5.772266065388951,0.013526680579357464,1,5.1720298953724475,5.6618927267621455,-0.13998996701698196,1,8.450344071349242,5.6154471544715445,0.5644080830751776,0.496797248099255,6.295791952493088,5.614669146957215,-1.0602831675703404,0.4266508838438785,12.762019651717091,5.609723698193411,0.4176493466443336,0.37630360888100417
ENSG00000228594,C1orf233,0.5245792349149764,0.49460552933243424,-0.07735688010994601,1,0.6970990515676374,0.4905977165883143,0.47395066806015973,1,0.5142262253329988,0.5309328968903437,-0.10580467029201013,1,0.4180790502770062,0.5938673341677096,-0.4105444467535706,1,0.5642040900404125,0.5523186682520809,0.05710131070657065,1,0.6085180470617443,0.5552423900789177,0.1713680195111461,1,0.3309245134294032,0.5551811288963774,-0.7349550021734831,1,0.39160131062350145,0.5474254742547425,-0.43863637996731464,0.9227877299749747,0,0.5418549030029232,0.3123002636812964,1,0,0.5417109458023379,-0.298117980794235,1
ENSG00000197530,MIB2,1.8910531160746176,1.9022252191503708,-0.1718304843815046,1,2.0587337041971576,2.013767629281397,-0.0019148212248891738,1,2.439183390188661,1.87430441898527,0.31827549109749675,1,2.0785348527956127,2.1911764705882355,0.012096475762247705,1,1.8297668555454263,2.1156361474435195,-0.18796614724606509,1,1.9049260603671994,2.1104847801578352,-0.12220907827227001,1,1.7613724101887591,2.0707666385846673,-0.24014814213099933,1,2.473271435516851,2.0552845528455284,0.2502189036652571,0.589787666159906,0,2.0473026840287005,-1.6049255408619936,1,2.3928786846969547,2.0459617428267802,-0.21478195173236259,0.37630360888100417
ENSG00000189409,MMP23B,0.007336772516293375,0.005394470667565745,0.36235020416833486,1,0.0024121074448707177,0.007387508394895903,-1.1283407293124954,1,0.007398938493999982,0.005891980360065467,0.4107108907890966,1,0,0.007509386733416771,-1.3131235658834797,1,0.003117149668731561,0.006837098692033293,-0.17534477529380066,1,0.008819102131329627,0.006482525366403607,1.4018345628885092,1,0.03202495291252289,0.005054759898904802,2.7970191936997297,0.4107580663082177,0,0.0065040650406504065,1.5764329417503333,1,0,0.006377889981397821,6.66279751076543,1,0,0.006376195536663124,6.052379266289899,1
ENSG00000248333,CDK11B,1.8075973287017804,1.2677006068779502,0.3484312893139673,1,1.4207312850288527,1.5288784419073203,-0.13931184713349887,1,1.3910004368719966,1.5067103109656301,-0.17655886518415081,1,1.251272051183664,1.6611389236545682,-0.31924966868032134,1,1.655206474096459,1.5457788347205708,0.12032683833234525,1,1.1023877664162034,1.5800450958286358,-0.4889363673567323,1,1.2276231949800442,1.5447907891041843,-0.3363995978144417,1,2.8030409602524315,1.516260162601626,0.8681409673208318,0.44249224970338336,2.0985973174976964,1.5227212330587296,-0.17791748037565125,0.4266508838438785,7.178636054090864,1.5201912858661,1.5356076594030161,0.37630360888100417
ENSG00000189339,SLC35E2B,0.9051743091976951,0.8256911665542819,-0.030310758328893336,1,1.0601212220206804,0.8586299529885829,0.27081789066638334,1,0.8040179830146648,0.9112929623567921,-0.2412389485058846,1,0.8984251931484601,0.980287859824781,-0.0351293271377499,1,1.0317765403501467,0.9230083234244947,0.18381504238697935,1,1.0318349493655663,0.935456595264938,0.1724725867372197,1,0.6298240739462836,0.93176074136478515,-0.5641233656846447,1,0.94808738361479294,0.9186991869918699,0.04738291417726499,0.6764504283046758,4.197194634995393,0.9125697581716715,1.1455218175558477,0.4266508838438785,0.7976262282323182,0.9125929861849097,-0.05027886507384066,0.38031977553948065
ENSG00000008128,CDK11A,0.8666562534871549,0.7262306136210385,0.09211226333929665,1,0.8418254982598804,0.8062458025520484,0.029386935693163113,1,0.7620906648819982,0.8121112929623568,-0.1522083187410133,1,0.7561004100754368,0.8898623279098874,-0.1434803133026995,1,0.8073417642014743,0.8442330558858502,-0.04019757773373084,1,0.6702517619810516,0.8520293122886133,-0.3086588199165059,1,0.7258989326838522,0.8320696433586071,-0.19770586425959563,1,2.205333696669192,0.810840108401084,1.4278000701904259,0.3320391752204561,2.0985973174976964,0.823279298432102,0.7090666609539387,0.4266508838438785,3.190504912929273,0.8222635494155154,1.4219737948075748,0.37630360888100417
ENSG00000215790,SLC35E2,0.1604918987939176,0.1473364801078894,-0.03546739698751411,1,0.19417464931209277,0.15144392209536603,0.32992976649279804,1,0.1566108647896663,0.15875613747954173,-0.07352902143070228,1,0.14528988272037804,0.17615769712140175,-0.16496253873282418,1,0.13403743575545712,0.16914387633769323,-0.2857687649874512,1,0.1675629404952629,0.16713641488162345,0.09440603769626232,1,0.1654622567147016,0.16315641673687167,0.05271644217742777,1,0.1442741670718163,0.16395663956639567,-0.022884851947892138,0.7997324227102678,0,0.16263619452564443,2.0469104368493727,1,0,0.16259298618490967,1.4364921923738412,1
ENSG00000008130,NADK,1.7268928310225533,1.7565745111260958,-0.1878732458424036,1,2.1491877333798093,1.7834116856950974,0.2353102823014308,1,1.7843773334696624,1.8481178396072013,-0.1121395467230053,1,1.8828382760702054,2.020650813516896,-0.013479525712789653,1,1.71754946747109,1.9447086801426874,-0.1575943731563818,1,2.2576901456203844,1.927001127395716,0.2530629053701492,1,2.1616843215952954,1.8781241224375176,0.1953528723439143,1,2.7205985790685365,1.886449864498645,0.5102854683025655,0.5123959565404557,2.0985973174976964,1.884666489503056,-0.4855265317146541,0.4266508838438785,0.7976262282323182,1.8841657810839532,-1.0959447761901855,0.40969908973591734
ENSG00000078369,GNB1,3.2942108598157254,3.124409979770735,-0.08718106488629562,1,3.5602705886291792,3.326729348556078,0.06384621391095191,1,3.2814292220889922,3.3381342062193124,-0.08656174603514599,1,3.359457900452823,3.6689612015018773,-0.039608821176973175,1,3.4101617375923277,3.4973246135552913,-0.016003440997413465,1,3.4923644440065322,3.512683201803833,0.014312742690954394,1,4.302018674582242,3.384723392305532,0.3367922989090437,1,4.410667393338384,3.426829268292683,0.342088476940523,0.557336265972974,12.591583904986177,3.4156258304544247,0.46407886556113964,0.4266508838438785,3.9881311411615914,3.4149840595111582,-0.3688440329352394,0.37630360888100417
ENSG00000169885,CALML6,0.0036683862581466877,0.014160485502360081,-1.8244486158383735,0.14392202969121226,0.012060537224353587,0.01208865010073875,0.06023697903170788,1,0.025896284728999935,0.008183306055646482,1.6102753826712837,0.09848835200154767,0.01482549823677327,0.012828535669586983,0.523377701833641,1,0.009351449006194683,0.012782401902497027,-0.04981389320994101,1,0.017638204262659253,0.012401352874859075,1.0799064680011474,1,0,0.012917719741645605,-1.3169970665919255,1,0.02061059529597376,0.012195121951219513,1.6967271754680455,0.6265344864044714,0,0.01222428913101249,5.752064848862517,1,0,0.012221041445270989,5.141646604386986,1
ENSG00000178821,TMEM52,0.4466260269293592,0.47471341874578554,-0.24983051477038842,1,0.5222212618145103,0.49093351242444594,0.057095904329352964,1,0.5055941304233321,0.486088379705401,-0.0029403346818347442,1,0.47145084392939,0.5431789737171464,-0.1097213199317858,1,0.3678236609103242,0.5282401902497027,-0.4916041200944704,1,0.3968595959098332,0.5214205186020293,-0.3437301602038958,1,1.1155358597862142,0.4734625105307498,1.2315930444642682,0.3470622592933908,0.7007602400631079,0.5043360433604336,0.48693479091123126,0.5294324847760723,0,0.5035875631145362,0.4179104516418951,1,0,0.5034537725823592,-0.19250779283363628,1
ENSG00000142609,CFAP74,0.0018341931290733438,0.0033715441672285905,-0.5945810739397785,1,0.006030268612176794,0.0023505708529214238,1.3952212267445168,1,0.0012331564156666636,0.003600654664484452,-0.733679018546078,1,0.005930199294709308,0.0031289111389236545,1.4562635059751035,1,0.003117149668731561,0.0032699167657550534,0.8246552247062002,1,0.008819102131329627,0.0031003382187147687,2.401834562888509,1,0,0.003369839932603201,0.5371520669446186,1,0,0.0032520325203252032,2.519849413383966,1,0,0.0031889449906989105,7.606213982399063,1,0,0.003188097768331562,6.99579573792353,1
ENSG00000187730,GABRD,0,6.743088334457181e-4,-0.3050744567447943,1,0.0012060537224353588,3.35795836131632e-4,1.8102587260233616,1,0.0012331564156666636,3.273322422258593e-4,1.851283482175079,1,0,6.257822277847309e-4,1.7457701231700895,1,0,5.945303210463733e-4,1.8246552247062002,1,0,5.636978579481398e-4,3.401834562888509,1,0,5.616399887672002e-4,2.652629284364555,1,0,5.420054200542005e-4,4.6353266308039025,1,0,5.314908317831517e-4,9.721691199818997,1,0,5.313496280552603e-4,9.111272955343466,1
ENSG00000067606,PRKCZ,1.0555781457817093,0.9079568442346595,0.05427890995637115,1,0.9660490316707224,1.0218267293485561,-0.11403549102526442,1,1.2590527003956635,0.9240589198036007,0.38493858984151985,1,0.9251110899746521,1.1051314142678348,-0.16592656306678916,1,0.8291618118825952,1.063614744351962,-0.33502717130147447,1,0.8201764982136553,1.0572153325817362,-0.3320581972280738,1,0.6404990582504578,1.0457736590845268,-0.7065696878765803,1,1.628237028381927,1.0203252032520325,0.6633999417981925,0.48020735240392776,0,1.0215253786872176,-0.6021141823090348,1,0.7976262282323182,1.0209883103081827,-0.21215716470912754,0.3837147768497832
ENSG00000162585,FAAP20,3.0878641327949743,3.0067430883344572,-0.12510178158604246,1,3.6459004029220896,3.1101410342511753,0.19523735199096515,1,3.1729114575103257,3.179050736497545,-0.06462142588998265,1,3.368353199394887,3.4884230287859825,0.036993073088463335,1,3.3634044925613544,3.33115338882283,0.03432080790432557,1,3.5805554653198284,3.3480834272829765,0.1194348321877845,1,2.951633160104193,3.2945801741083964,-0.16695037031920168,1,2.926704532028274,3.2907859078590787,-0.18779560711201837,0.7611479129572882,0,3.2646824342280096,-2.278073967423767,1,4.7857573693939095,3.262221041445271,-0.0804325621353148,0.37630360888100417
ENSG00000157933,SKI,0.3805950742827188,0.351652056641942,-0.0475782344524307,1,0.37025849278765516,0.3865010073875084,-0.0928797347240502,1,0.3699469246999991,0.379050736497545,-0.09376169207169105,1,0.34691665874049454,0.4195869837296621,-0.1767932829470975,1,0.3366521642230086,0.40130796670630203,-0.2220099091214025,1,0.5115079236171184,0.3945885005636979,0.41719887254068877,1,0.6138115974900221,0.37714125245717495,0.7032553574345235,1,0.7832026212470029,0.38482384823848237,1.0330005111445266,0.42648736482243377,0,0.38745681636991763,0.7958895326222634,1,0,0.3873538788522848,0.18547128814673197,1
ENSG00000116151,MORN1,0.34757959795939863,0.3000674308833446,0.0504620307853878,1,0.3425192571716419,0.3307588985896575,0.019632998697553194,1,0.2984238525913326,0.33617021276595743,-0.22952856341301842,1,0.31726566226694797,0.36357947434292864,-0.09801525541850498,1,0.37717510991651887,0.3412604042806183,0.17419198034412875,1,0.40567869804116286,0.34470124013528747,0.28399807259465115,1,0.3202495291252289,0.33951137320977254,-0.07246220951335891,1,0.597707263583239,0.33604336043360433,0.8498923270032204,0.462356245292276,0,0.33723093276640975,0.9960409188806262,1,0.7976262282323182,0.3368756641870351,1.386759102223517,0.37630360888100417
ENSG00000157916,RER1,5.597040333367309,4.615306810519217,0.11459246466563044,1,5.383823816951441,5.147078576225655,0.03072722182093779,1,5.464116077818987,5.028150572831424,0.057947213927782126,1,4.859798322014278,5.67991239048811,-0.1377871186634998,1,5.190054198438049,5.388525564803805,-0.03414173502761253,1,2.910303703338777,5.4853438556933485,-0.8909620114172121,1,4.120543941411279,5.341196293176074,-0.3833890862177287,1,7.914468593653924,5.259620596205962,0.5645655988316887,0.4965519777970801,0,5.25963327132607,-2.9660489754323605,1,3.190504912929273,5.257173219978746,-1.2542475389367942,0.3787537584481063
ENSG00000157911,PEX10,1.0326507316682925,0.7636547538772758,0.2722276983280675,1,0.8611223578188462,0.8989254533243788,-0.09488208763519806,1,0.9297999374126644,0.8631751227495909,0.04638746713597529,1,0.7857514065489833,0.9780976220275344,-0.22454844453260606,1,0.9164420026070789,0.9206302021403091,0.01706744088699083,1,0.899548417395622,0.9270011273957159,-0.010574277829719897,1,0.4963867701441048,0.9261443414771132,-0.8956324258015819,1,0.8862555977268717,0.9073170731707317,-0.02979391054435987,0.7007928654647615,0,0.9011427052883337,-0.4212667540230449,1,0,0.9009032943676939,-1.0316849984985763,1
ENSG00000149527,PLCH2,0.01834193129073344,0.015846257585974376,0.08724296603396642,1,0.00964842977948287,0.019811954331766288,-0.926706868142845,1,0.025896284728999935,0.015057283142389525,0.7561262491347387,1,0.011860398589418616,0.019712140175219023,-0.3473392812213927,1,0.021820047681120926,0.0178359096313912,0.4788803878644696,1,0.008819102131329627,0.018602029312288614,-0.07929212684810683,1,0.016012476456261446,0.017972479640550407,0.21522397205725685,1,0.06183178588792128,0.017344173441734417,2.1979213184966038,0.4092188676114825,0,0.017804942864735582,5.219190859289815,1,0,0.017800212539851222,4.608772614814283,1
ENSG00000157881,PANK4,0.21368349953704455,0.17161159811193527,0.15589932670090834,1,0.2098533477037524,0.19073203492276697,0.10918499554910754,1,0.18250714951866623,0.1944353518821604,-0.14629385555806573,1,0.1808710784886339,0.2130788485607009,-0.12869899474605218,1,0.21508332714247771,0.20005945303210465,0.14229596119046395,1,0.10582922557595552,0.20574971815107101,-0.8264908142016796,1,0.14944978025844016,0.2005054759898905,-0.38622665145246815,1,0.2885483341436326,0.197289972899729,0.6174047228066402,0.5330696737314253,0,0.19718309859154928,1.769435300001558,1,2.3928786846969547,0.1963336875664187,3.164853995548311,0.37630360888100417
ENSG00000197921,HES5,0.07428482172747042,0.06203641267700607,0.10605858807813373,1,0.0759813845134276,0.06783075889858965,0.1449228088381842,1,0.07892201060266647,0.0657937806873977,0.21543981245173827,1,0.04447649471031981,0.07822277847309136,-0.6408109300595277,1,0.056108694037168096,0.07342449464922711,-0.2966510715159343,1,0.02645730639398888,0.07384441939120631,-1.0521219256826368,1,0.08006238228130723,0.07020499859590003,0.2660482311349397,1,0.1030529764798688,0.07046070460704607,0.7773456356763302,0.5449532875358966,0,0.07042253521126761,3.2513712650389643,1,0.7976262282323182,0.07013815090329437,3.6463869066140613,0.37630360888100417
ENSG00000157873,TNFRSF14,0.008253869080830048,0.01921780175320297,-1.2561648562638474,0.43093458086029973,0.015678698391659664,0.017797179314976493,-0.13727385408250292,1,0.02096365906633328,0.016039279869067103,0.3773522938426659,1,0.017790597884127925,0.01877346683354193,0.20735020838596263,1,0.02493719734985249,0.017241379310344827,0.6968996775078269,1,0.02645730639398888,0.017756482525366404,0.9867970636096652,1,0.016012476456261446,0.017691659646166806,0.23759178508571122,1,0.1442741670718163,0.015989159891598916,3.3133985359165403,0.11473669456477442,0,0.017539197448844007,5.2405645100823826,1,0,0.01753453772582359,4.63014626560685,1
ENSG00000157870,FAM213B,0.45212860631657925,0.27140930546190156,0.5736192470330723,0.4823928905599422,0.26533181893577895,0.36198791134989927,-0.47731786407322474,1,0.30705594750099924,0.34337152209492633,-0.2191058457163193,1,0.32023076191430266,0.3723404255319149,-0.11904074919594287,1,0.44263525295988165,0.3436385255648038,0.3933159130982553,1,0.2998494724652073,0.35625704622322435,-0.18884158902704073,1,0.19214971747513734,0.35439483291210333,-0.8555937730728911,1,0.2885483341436326,0.34796747967479674,-0.20037291694766335,0.8019541628307407,4.197194634995393,0.3444060589954823,2.550653437009611,0.4266508838438785,0,0.34484590860786396,0.3530497406167419,1
ENSG00000142606,MMEL1,9.170965645366719e-4,0.0020229265003371545,-0.5274668780812419,1,0.0024121074448707177,0.0016789791806581598,0.8102587260233616,1,0.0012331564156666636,0.0019639934533551553,0.04392856011747526,1,0.002965099647354654,0.0018773466833541927,1.523377701833641,1,0,0.002080856123662307,0.4096177254273563,1,0.008819102131329627,0.0016910935738444193,3.1794421415520615,1,0.0053374921520871485,0.0016849199663016006,2.4302368630281075,1,0,0.001897018970189702,3.2202891315250586,1,0,0.0018602179112410311,8.306653700540155,1,0,0.0018597236981934113,7.696235456064622,1
ENSG00000215912,TTC34,0.0064196759517567035,0.0077545515846257585,-0.3050744567447943,1,0.007236322334612153,0.008059100067159167,-0.026242541693759946,1,0.011098407740999973,0.006873977086743044,0.7137799584251443,1,0.002965099647354654,0.009073842302878598,-0.576157971717274,1,0,0.0089179548156956,-1.5445785849595195,1,0.044095510656648136,0.007046223224351747,2.8713198461897305,1,0.010674984304174297,0.007862959842740803,0.9645732906792954,1,0,0.008130081300813009,1.2660928211381828,1,0,0.007972362476747276,6.35245739015328,1,0,0.007970244420828906,5.742039145677747,1
ENSG00000130762,ARHGEF16,0.44846022005843256,0.3954821308159137,0.019309289868880475,1,0.4390035549664706,0.4358629952988583,-0.021174335657140775,1,0.5006615047606654,0.41112929623567923,0.22439953202081808,1,0.3913931534508143,0.4787234042553192,-0.19424350810735347,1,0.37717510991651887,0.4580856123662307,-0.2502319869247924,1,0.30866857459653696,0.4585682074408117,-0.5121629192142692,1,0.4376743564711462,0.4436955911260882,-0.013990435925734568,1,0.6801496447671341,0.44146341463414634,0.6370957236569579,0.501666430074267,0,0.4416688812117991,0.6070812472528851,1,0,0.44155154091392135,-0.003336997222646021,1
ENSG00000162591,MEGF6,0.19992705106899447,0.19487525286581253,-0.12274443441170124,1,0.21226545514862313,0.20819341840161182,-5.851821141233948e-4,1,0.18743977518133287,0.21080196399345336,-0.22448402544288593,1,0.19569657672540716,0.2284105131414268,-0.11690578160342024,1,0.23378622515486708,0.2143281807372176,0.1616902119837702,1,0.2292966554145703,0.21702367531003383,0.15109751585809983,1,0.38963692710236186,0.2030328559393429,0.9471992636314561,1,0.2061059529597376,0.21300813008130082,0.05950092465486945,0.7231965270521564,0,0.2115333510496944,1.6682177865496826,1,0,0.21147715196599362,1.057799542074151,1
ENSG00000158109,TPRG1L,0.3695899155082788,0.40728253540121373,-0.30149900252096673,1,0.4462398773010827,0.4167226326393553,0.06708464442368234,1,0.4895630970196655,0.3973813420621931,0.2411675042255843,1,0.44179984745584344,0.4574468085106383,0.04483726024863888,1,0.3179492662106192,0.4485731272294887,-0.464214581601867,1,0.449774208697811,0.43968432919954903,0.07898195977284894,1,0.40031191140653616,0.43133951137320975,-0.1003821511614742,1,1.277856908350373,0.4197831978319783,1.5995165548633752,0.30501352847095636,0,0.42811586500132875,0.652017672012187,1,1.5952524564646364,0.42747077577045695,1.6283529837837996,0.37630360888100417
ENSG00000116213,WRAP73,0.8877494744714984,0.7316250842886042,0.11609688877629859,1,0.786347027027854,0.8347884486232371,-0.11899288464711516,1,0.9002041834366645,0.788216039279869,0.13079239988904542,1,0.7531353104280821,0.9023779724655819,-0.16926954278274217,1,0.8915048052572264,0.8478002378121284,0.09626062052132392,1,0.3968595959098332,0.8717587373167982,-1.0848984617823572,1,0.7312364248359394,0.842740803145184,-0.20559201975680796,1,1.3602992895342683,0.832520325203252,0.7009462703898688,0.47518165816730285,0,0.8339091150677651,-0.30943561304196093,1,0,0.8336875664187035,-0.9198538575174923,1
ENSG00000078900,TP73,0.07428482172747042,0.03843560350640594,0.7919499976500703,0.3753022868162138,0.042211880285237556,0.053727333781061114,-0.35073315064894306,1,0.03576153605433325,0.05433715220949264,-0.6255302146904551,1,0.03558119576825585,0.05725907384230288,-0.49238961402467574,1,0.05922584370589966,0.052318668252080855,0.2639402702317213,1,0.05291461278797776,0.05326944757609921,0.22429637733632202,1,0.048037429368784336,0.05223251895534962,0.012625420085436545,1,0.08244238118389503,0.05176151761517615,0.9572547256912642,0.5311836486283663,0,0.051820356098857295,3.691943856424946,1,0,0.05180658873538788,3.0815256119494143,1
ENSG00000235169,SMIM1,0.3659215292501321,0.35805799055967635,-0.13018164778001817,1,0.39799772840366837,0.37978509066487576,0.03628788999869603,1,0.5080604432546655,0.34337152209492633,0.5051078410410391,0.8884022914358405,0.46255554498732604,0.40832290362953694,0.27441419123644106,1,0.32418356554808236,0.40338882282996436,-0.2834045211512535,1,0.2733921660712184,0.40304396843291995,-0.4960108931170022,1,0.09073736658548152,0.40550407188991855,-2.0893369908600175,0.5307464631324983,0.2473271435516851,0.3926829268292683,-0.5811083352361459,1,0,0.3882540526175923,0.7929261045877168,1,0,0.3881509032943677,0.18250786011218567,1
ENSG00000130764,LRRC47,0.6887395199670406,0.5991233985165205,0.03843728682422942,1,0.6572992787272706,0.6658831430490262,-0.051180443443662016,1,0.700432844098665,0.6415711947626841,0.06619450428951157,1,0.6582521217127332,0.7215269086357947,-0.0401697648714332,1,0.5579697907029494,0.6982758620689655,-0.29697421969533144,1,0.5996989449304146,0.6933483652762119,-0.1697074220703254,1,0.6725240111629808,0.6745296265094075,-0.004344461271989175,1,1.380909884830242,0.6669376693766937,1.0421369262909403,0.4185804205786394,0,0.6718044113739038,0.002302378876915645,1,1.5952524564646364,0.6710945802337939,0.9779880078410037,0.37630360888100417
ENSG00000116198,CEP104,1.0042207381676558,0.9514497639919083,-0.08509328651280443,1,1.0203214491803134,1.0312290127602417,-0.048485615365596854,1,1.0420171712383308,1.0055646481178395,-0.009634716297933991,1,1.0941217698738674,1.1101376720901126,0.06891722534661233,1,0.9881364449879049,1.070154577883472,-0.0916812034785693,1,0.9965585408402479,1.072153325817362,-0.07399366061650048,1,1.1582357970029113,1.0390339792193204,0.15207668956241738,1,2.308386673149061,1.0311653116531165,1.1464082476662243,0.39530831618041895,4.197194634995393,1.0403933032155195,0.9564511516576151,0.4266508838438785,0.7976262282323182,1.0403825717321997,-0.23929795688612346,0.384011023564288
ENSG00000169598,DFFB,0.07336772516293376,0.09204315576534053,-0.4782940360995398,1,0.1049266738518762,0.0893216924110141,0.20899441297310384,1,0.10851776457866641,0.0867430441898527,0.2717344776402868,1,0.11267378659947686,0.09856070087609511,0.3123540945763903,1,0.09351449006194683,0.09601664684898929,0.02396403292960647,1,0.0970101234446259,0.0963923337091319,0.14969479815800968,1,0.06938739797713293,0.09547879809042403,-0.3686812218808573,1,0.12366357177584256,0.0940379403794038,0.5847005577339344,0.5674732248271687,0,0.09380813180972629,2.8390481504571565,1,0,0.09378320935175345,2.2286299059816255,1
ENSG00000198912,C1orf174,0.8033765905341246,0.5930546190155092,0.27496136289643525,1,0.5885542165484551,0.7209536601746138,-0.3248288970098182,1,0.6067129565079985,0.7014729950900164,-0.26936187190478217,1,0.6345313245338959,0.7575093867334167,-0.16305767621362366,1,0.7543502198330377,0.7113555291319857,0.10922279208963465,1,0.5996989449304146,0.7235062006764374,-0.23110796673446865,1,1.0301359853528198,0.6857624262847515,0.5830664790055827,1,1.277856908350373,0.697289972899729,0.8677727168042733,0.44706550241366794,0,0.7002391708743024,-0.05748095446789758,1,0,0.7000531349628055,-0.6678991989434289,1
ENSG00000131697,NPHP4,0.1274764224705974,0.0964261631827377,0.24426413424564064,1,0.10372062012944086,0.11383478844862324,-0.1561887142656131,1,0.1122172338256664,0.10932896890343699,-0.01317184711304309,1,0.07709259083122101,0.12484355444305381,-0.5582360637200114,1,0.11221738807433619,0.11563614744351962,0.011740777306695094,1,0.12346742983861478,0.11583990980834273,0.20718713203496586,1,0.10674984304174298,0.11373209772535804,-0.03542670932070413,1,0.26793773884765887,0.11165311653116532,1.3376460821632172,0.40136893246959615,0,0.11294180175391974,2.571944080314316,1,0,0.11291179596174283,1.9615258358387848,1
ENSG00000069424,KCNAB2,0.5493408421574665,0.49629130141604855,-0.015834980563606327,1,0.5101607245901567,0.5533915379449295,-0.14919650285090724,1,0.6338423976526651,0.5096563011456628,0.25423258618399014,1,0.5396481358185471,0.5910513141426783,-0.0377380569331478,1,0.567321239709144,0.5615338882282996,0.04114704460296337,1,0.6437944555870627,0.5631341600901917,0.23118767249398775,1,0.2828870840606189,0.566694748666105,-0.9869459080822933,1,0.8862555977268717,0.5495934959349593,0.6931676004056968,0.48027336655157465,0,0.5503587563114536,0.2898454128536002,1,1.5952524564646364,0.5496811902231669,1.2657829043990914,0.37630360888100417
ENSG00000116254,CHD5,0.0064196759517567035,0.0030343897505057315,0.9579599490889992,1,0.0036181611673060765,0.004365345869711216,0.002903803965756069,1,0.0049326256626666546,0.003927986906710311,0.472771858921349,1,0,0.0050062578222778474,-0.7567302173590944,1,0.003117149668731561,0.0044589774078478,0.4096177254273554,1,0,0.004509582863585118,0.8993342223593261,1,0.0053374921520871485,0.004212299915754001,1.2375917850857112,1,0,0.004336043360433604,2.1328262902747186,1,0,0.004251926654265214,7.219190859289815,1,0,0.004250797024442083,6.608772614814283,1
ENSG00000116251,RPL22,88.25495369505755,90.31523937963587,-0.19705868537616755,1,95.23603219210811,95.74983210208194,-0.04212843179010495,1,99.15194160167809,92.86513911620294,0.03227205687938284,1,113.49808430144145,101.94931163954944,0.2412338000354639,1,101.70635939137337,98.53745541022592,0.06491822396608882,1,126.73931672933807,98.57299887260429,0.3818552518207081,1,106.74450554959088,96.63268744734626,0.132793872111308,1,64.3256679187341,97.82845528455285,-0.6330474006273521,0.9393236266360718,123.81724173236408,96.74435290991231,-1.2602327874983423,0.4266508838438785,39.083685183383594,96.72130712008502,-2.133725066298993,0.38721901970108036
ENSG00000158286,RNF207,0.6126205051104968,0.5424814565070802,0.012905471615843545,1,0.695892997845202,0.5708529214237743,0.25301698286065444,1,0.5783503589476653,0.5918166939443535,-0.09317626388116251,1,0.6226709259444774,0.6467459324155194,0.037811342283495586,1,0.53926689269056,0.6254458977407847,-0.1870432966776744,1,0.6349753534557332,0.6214768883878241,0.06940454689830022,1,0.43233686431905904,0.6166807076663858,-0.5061753647194815,1,0.5564860729912915,0.6097560975609756,-0.10870628787149295,0.7503377634979069,0,0.6051023119851182,0.15310166883204246,1,0,0.6049415515409139,-0.45731657564348904,1
ENSG00000116237,ICMT,1.5306341662117053,1.1274443695212408,0.2777299358089534,1,1.3121864500096703,1.3179986568166555,-0.03979749272590344,1,1.1308044331663305,1.3407528641571196,-0.30671835189141433,1,1.2631324497730827,1.4352315394242803,-0.09482479250408987,1,1.4931146913224176,1.3478002378121283,0.16962148561998958,1,1.1023877664162034,1.3776775648252537,-0.2912467028985554,1,1.0674984304174298,1.3515866329682673,-0.34437695020985704,1,2.164112506077245,1.3300813008130081,0.6869961347222096,0.47481726836219823,4.197194634995393,1.3316502790326867,0.6004455019394497,0.4266508838438785,1.5952524564646364,1.331296493092455,-0.009972742536081602,0.37630360888100417
ENSG00000158292,GPR153,0.12655932590606073,0.1227242076871207,-0.1129235370675099,1,0.12663564085571266,0.13331094694425788,-0.09844543995708888,1,0.1492119262956663,0.12471358428805238,0.2045919917022161,1,0.11267378659947686,0.14518147684605756,-0.24495206324190066,1,0.13092028608672557,0.1367419738406659,-0.012740460299884404,1,0.14992473623260366,0.1366967305524239,0.231909561446197,1,0.1654622567147016,0.13226621735467564,0.35494873572387053,1,0.2061059529597376,0.13333333333333333,0.7342769137844445,0.5061585078538544,0,0.1334041987775711,2.332239110734627,1,0,0.13336875664187034,1.7218208662590957,1
ENSG00000097021,ACOT7,2.283570445696313,1.4443695212407281,0.49731786121733623,0.7009439000499573,1.7765171331472835,1.780053727333781,-0.03654141974882852,1,1.5352797375049962,1.8098199672667759,-0.2986919299229889,1,1.3491203395463676,1.9771589486858574,-0.46208620500847875,1,1.994975787988199,1.823424494649227,0.15095064349582954,1,1.2964080133054552,1.8678128523111612,-0.4981074579828364,1,1.1475608126987369,1.841898343162033,-0.687000812256266,1,1.8549535766376384,1.8113821138211381,0.02137192674303967,0.6730411700358554,12.591583904986177,1.7985649747541854,1.389281621063313,0.4266508838438785,10.369140967020137,1.7962274176408077,1.7803560772288498,0.37630360888100417
ENSG00000069812,HES2,0.5099056898823896,0.41469993256911664,0.1358065148319365,1,0.4619185756927424,0.47112155809267964,-0.06010599356004387,1,0.49696203551366547,0.45270049099836335,0.07486673729014903,1,0.4002884523928783,0.5165832290362954,-0.27180250627786107,1,0.4270495046162239,0.49019024970273484,-0.1701081269276532,1,0.4585933108291406,0.4887260428410372,-0.04600242929275855,1,0.3842994349502747,0.4813254703734906,-0.3165765170944461,1,0.9686979789107667,0.47127371273712737,1.040380041510124,0.4194347353125715,2.0985973174976964,0.47435556736646295,1.5041373354189314,0.4266508838438785,0,0.47449521785334753,-0.10708846297686758,1
ENSG00000187017,ESPN,0.2943879972162717,0.2157788267026298,0.28662437547223796,1,0.2134715088710585,0.26326393552719946,-0.33055668678923067,1,0.3341853886456659,0.22585924713584288,0.5062044230371594,0.9219453873989589,0.2579636693198549,0.2734668335419274,0.01702503580885084,1,0.22131762647994083,0.26456599286563615,-0.2197388946522536,1,0.14110563410127402,0.2663472378804961,-0.8114364684793904,1,0.026687460760435745,0.2684639146307217,-3.079820828679158,0.08340986644246107,0.26793773884765887,0.25691056910569104,0.1373797765615532,0.6738359429099087,0,0.2553813446718044,1.3967606167701123,1,0,0.2553134962805526,0.7863423722945808,1
ENSG00000215788,TNFRSF25,0.04768902135590694,0.051921780175320294,-0.2683159067346761,1,0.06512690101150938,0.05104096709200806,0.3342305968553685,1,0.055492038704999865,0.05270049099836334,0.03499543534746685,1,0.05930199294709308,0.05819774718397998,0.1761555867823681,1,0.04987439469970498,0.05648038049940547,-0.08034826135805417,1,0.035276408525318506,0.05693348365276212,-0.3566107586881486,1,0.04269993721669719,0.05560235888795282,-0.2291078340156254,1,0.1442741670718163,0.05392953929539295,1.5764329417503338,0.4051857417915869,0,0.05474355567366463,3.613166743040829,1,0,0.05472901168969182,3.0027484985652975,1
ENSG00000171680,PLEKHG5,0.04218644196868691,0.039447066756574514,-0.04816615370784216,1,0.03979977284036684,0.04365345869711216,-0.13570143426374948,1,0.0406941617169999,0.0425531914893617,-0.09467667811203206,1,0.04447649471031981,0.04630788485607009,0.11156410342908263,1,0.046757245030973414,0.04399524375743163,0.19044920496519424,1,0.11464832770728516,0.042277339346110485,1.5557472463421909,1,0.021349968608348594,0.04465037910699242,-0.7624082149142888,1,0.08244238118389503,0.043089430894308944,1.2202891315250586,0.4883366753911149,0,0.043316502790326866,3.9491016959220704,1,0,0.04330499468650372,3.338683451446539,1
ENSG00000162408,NOL9,0.8171330390021747,0.7562373567093729,-0.051069016712126214,1,0.7766985972483711,0.8361316319677636,-0.1390952299068594,1,0.8730747422919979,0.7941080196399345,0.07596690626346117,1,0.8539486984381404,0.890488110137672,0.030431528649658174,1,0.9538477986318576,0.8406658739595719,0.20563610940128252,1,0.970101234446259,0.8523111612175873,0.21849350291045225,1,0.6351615660983707,0.8466722830665543,-0.41393833257443413,1,1.3396886942382944,0.8317073170731707,0.6806603106259703,0.47866693332858595,2.0985973174976964,0.8325803879883072,0.6928642360675741,0.4266508838438785,1.5952524564646364,0.8320935175345378,0.6678689024147253,0.37630360888100417
ENSG00000173662,TAS1R1,0.0018341931290733438,0.0016857720836142953,0.2798880439763618,1,0,0.0023505708529214238,-1.1897412739766384,1,0.003699469246999991,0.001309328968903437,1.5293553872877155,1,0,0.002190237797246558,0.3307326238912456,1,0.003117149668731561,0.0017835909631391202,1.6022628033697526,1,0,0.001972942502818489,1.9867970636096652,1,0.0053374921520871485,0.0016849199663016006,2.4302368630281075,1,0,0.001897018970189702,3.2202891315250586,1,0,0.0018602179112410311,8.306653700540155,1,0,0.0018597236981934113,7.696235456064622,1
ENSG00000204859,ZBTB48,0.3815121708472555,0.320633850303439,0.08897385411308223,1,0.3075436992210165,0.37340496977837473,-0.30997915131859877,1,0.421739494157999,0.3355155482815057,0.27053323274083674,1,0.29947506438282007,0.39612015018773467,-0.3040428432780691,1,0.31483211654188764,0.37633769322235433,-0.2251577417419579,1,0.3527640852531851,0.37401352874859073,-0.0306903631191755,1,0.27221209975644456,0.36955911260881774,-0.4250081270297108,1,1.2160251224624519,0.3544715447154472,1.7729303451883363,0.2545046431855437,0,0.3632739835237842,0.8888011856542565,1,1.5952524564646364,0.3626461211477152,1.8654561884956884,0.37630360888100417
ENSG00000162413,KLHL21,0.3063102525552484,0.29871881321645316,-0.12488496497956714,1,0.2641257652133436,0.3361316319677636,-0.37704835364718825,1,0.32801960656733253,0.3122749590834697,0.012622490939521835,1,0.3528468580352038,0.34449311639549435,0.13171471092860565,1,0.3023635178669614,0.3338287752675386,-0.11009875067836217,1,0.4233169023038221,0.33032694475760993,0.40551960969636514,1,0.4376743564711462,0.31957315360853694,0.45907918472452436,1,1.0511403600946618,0.3168021680216802,1.7284360351953838,0.27009179120818044,0,0.3242094073877226,1.0528062155527511,1,3.190504912929273,0.3230605738575983,2.7690500982382567,0.37630360888100417
ENSG00000116273,PHF13,0.30447605942617506,0.27073499662845585,0.008214719868695486,1,0.24965312054411926,0.3116185359301545,-0.34883634221820015,1,0.2725275678623327,0.29918166939443536,-0.19192858464621998,1,0.24610327073043628,0.32916145181476847,-0.317239674355712,1,0.35223791256666637,0.3038049940546968,0.24391730984676863,1,0.2998494724652073,0.31031567080045097,0.010171571983474292,1,0.4857117858399305,0.2931760741364785,0.7318665141744791,1,0.9893085742067405,0.294579945799458,1.7475361343899272,0.26651364242220865,6.295791952493088,0.3008238107892639,3.160721554719639,0.4266508838438785,2.3928786846969547,0.3007438894792774,2.5503033102441073,0.37630360888100417
ENSG00000041988,THAP3,0.8464801290673482,0.7329737019554956,0.04483739976896639,1,0.7103656425144264,0.842175957018133,-0.27806688513660816,1,0.9137689040089978,0.7711947626841243,0.18382281554571445,1,0.7175541146598263,0.8933041301627034,-0.22423513653207394,1,0.788638866189085,0.845422116527943,-0.07591052499442247,1,0.7143472726376998,0.8500563697857948,-0.2145499129189531,1,0.752586393444288,0.830103903397922,-0.1425796235299307,1,2.5969350072926938,0.8051490514905149,1.6717554177586285,0.2663922885219426,0,0.8230135530162105,-0.2904677282494142,1,0.7976262282323182,0.822529224229543,0.09957978838995984,0.37782223752263544
ENSG00000007923,DNAJC11,0.3237350872814452,0.3256911665542819,-0.16987848541748174,1,0.3943795672363623,0.3331094694425789,0.21216082311307072,1,0.36748061186866576,0.3342062193126023,0.07810567543556224,1,0.3143005626195933,0.3795369211514393,-0.1733530959632903,1,0.32106641587935075,0.361474435196195,-0.13905600914528038,1,0.3527640852531851,0.3604847801578354,0.02242097334038684,1,0.3309245134294032,0.35299073294018535,-0.08204449829366123,1,0.6183178588792128,0.34932249322493225,0.8413300916013171,0.462421816992367,0,0.35051820356098856,0.9403314862943385,1,0,0.3504250797024442,0.3299132418188071,1
ENSG00000171735,CAMTA1,4.357125778113728,3.805799055967633,0.03157708998809072,1,4.178976148238518,4.22229684351914,-0.04895611439672143,1,3.941167904470657,4.20392798690671,-0.1550204387701708,1,4.0859073140547135,4.58729662077597,-0.07965492479733172,1,4.741184646140704,4.315695600475625,0.15571589863199975,1,4.771134253049328,4.368094701240135,0.14905859001660327,1,4.462143439144857,4.269306374613873,0.05451228777408934,1,6.842717638263288,4.2566395663956635,0.6604556159299237,0.47518165816730285,8.394389269990786,4.2612277438214194,-0.3404449067232542,0.4266508838438785,11.964393423484774,4.257173219978746,0.7281987196711572,0.37630360888100417
ENSG00000049245,VAMP3,0.9143452748430619,0.8961564396493594,-0.13388401254404525,1,1.0094669656783952,0.9462726662189389,0.060097397152290614,1,0.9963903838586643,0.9319148936170213,0.03554594363865844,1,0.8865647945590416,1.0500625782227784,-0.15340550731042446,1,0.8135760635389374,1.0089179548156957,-0.28615513216728805,1,0.9171866216582812,1.0008455467869222,-0.09337328507431784,1,1.334373038021787,0.9561920808761584,0.47527261935794096,1,1.978617148413481,0.9644986449864499,1.0225404478584261,0.41778104702698876,6.295791952493088,0.970502258836035,1.4717876621781358,0.4266508838438785,0,0.9710414452709883,-1.139814898993447,1
ENSG00000049246,PER3,0.24853316898943809,0.14227916385704653,0.6428370321067516,0.3997811918551093,0.12422353341084195,0.19811954331766285,-0.6963158760130796,0.9634781483122135,0.10235198250033309,0.19967266775777415,-1.0114276648648906,0.16185374559903004,0.10081338801005824,0.20619524405506884,-0.9063065734096041,1,0.24937197349852488,0.18222354340071345,0.48737288294180114,1,0.2733921660712184,0.18658399098083428,0.6139320034970777,1,0.3362620055814904,0.17691659646166807,0.9360955901031627,1,0.5564860729912915,0.18048780487804877,1.6461011023980778,0.31477073834731634,0,0.18416157321286208,1.8678618479618931,1,0.7976262282323182,0.18384697130712008,2.259523913927409,0.37630360888100417
ENSG00000049247,UTS2,0,3.3715441672285906e-4,0.2798880439763618,1,0,3.35795836131632e-4,0.8102587260233616,1,0,3.273322422258593e-4,0.851283482175079,1,0,3.1289111389236547e-4,2.3307326238912456,1,0,2.9726516052318666e-4,2.4096177254273563,1,0,2.818489289740699e-4,3.9867970636096652,1,0,2.808199943836001e-4,3.237591785085711,1,0.02061059529597376,0,7.220289131525059,0.2545046431855437,0,2.6574541589157585e-4,10.306653700540155,1,0,2.6567481402763017e-4,9.696235456064622,1
ENSG00000049249,TNFRSF9,0.0018341931290733438,0.009440323668240054,-1.993130450430053,1,0.0036181611673060765,0.009066487575554063,-0.9970961960342439,1,0.0049326256626666546,0.00851063829787234,-0.5816759251010275,1,0.005930199294709308,0.008760951188986232,0.0577141294848289,1,0.006234299337463122,0.008323424494649227,0.13659923102093963,1,0,0.008455467869222097,0.032600753222790324,1,0.010674984304174297,0.007862959842740803,0.9645732906792954,1,0.2061059529597376,0.005420054200542005,5.287403327383595,0.07338329946336401,10.492986587488481,0.006643635397289397,9.191176483120218,0.05892814761572374,0,0.007970244420828906,5.742039145677747,1
ENSG00000116288,PARK7,15.758470268433634,13.589008766014835,0.04995932634073608,1,16.03086607861079,14.840832773673606,0.07697701286543746,1,15.537770837399963,14.69328968903437,0.018459753518266453,1,15.22578668916615,16.38078848560701,-0.018850036058855046,1,15.719785779413263,15.590071343638526,0.031425162006511353,1,10.380083208574971,15.87119503945885,-0.5922338832557363,1,12.3349443634734,15.494804830103904,-0.3392880772012994,1,15.086955756652792,15.381029810298102,-0.054552194893249695,0.6988049654574735,12.591583904986177,15.275577996279564,-1.6968391140180041,0.4266508838438785,7.178636054090864,15.270722635494154,-1.7926088903927138,0.38403144789272164
ENSG00000116285,ERRFI1,0.8840810882133517,1.165205664194201,-0.561031712130594,0.7523437729838022,0.6609174398945766,1.300201477501679,-1.0083147209997874,0.14089768608321035,0.5635524819596653,1.2972176759410803,-1.2622539769144656,0.0165033392914937,0.6048803280603494,1.3191489361702127,-1.0317885828824427,1,0.8353961112200583,1.2342449464922711,-0.5388580684408151,1,1.7902777326599142,1.1885569334836528,0.6168790257874696,1,9.127111580069025,0.7610221847795563,3.5736064317374128,2.8238522631340857e-13,1.195414527166478,1.1821138211382114,0.011827422510399893,0.6581355384105283,0,1.1745947382407653,-0.803503318413912,1,6.381009825858546,1.1721572794899044,1.7586164255309487,0.37630360888100417
ENSG00000162426,SLC45A1,0.015590641597123422,0.009777478084962913,0.5429224498101561,1,0.008442376057047512,0.013096037609133646,-0.5116693688640019,1,0.008632094909666646,0.01276595744680851,-0.47064461271228364,1,0.01482549823677327,0.012828535669586983,0.523377701833641,1,0.009351449006194683,0.012782401902497027,-0.04981389320994101,1,0.02645730639398888,0.012119503945885006,1.527365444972368,1,0.021349968608348594,0.011794439764111205,1.133255125270975,1,0,0.012466124661246613,0.665700279847421,1,0,0.01222428913101249,5.752064848862517,1,0,0.012221041445270989,5.141646604386986,1
ENSG00000142599,RERE,1.1592100575743534,0.9265003371544167,0.1601185220450812,1,1.011879073123266,1.0654801880456681,-0.10758216914569858,1,0.8817068372016645,1.0792144026186579,-0.3522764239981321,1,1.0259244779847103,1.1470588235294117,-0.0708600742421601,1,1.2375084184864298,1.0746135552913199,0.2260633835558169,1,1.6491720985586402,1.0780721533258173,0.6397647569411905,1,0.9767610638319483,1.075259758494805,-0.1419749356695951,1,1.6076264330859533,1.0661246612466124,0.5819219593073126,0.4973107624450854,0,1.0661706085570024,-0.6638117402398412,1,2.3928786846969547,1.0650903294367693,0.7268489347223402,0.37630360888100417
